Book Title	Author	Genre	The "Cover" Clues	"Blind Date" Back of the Book Description	Recommended Pairing	One-Sentence Hook
A Life on the Road	Charles Kuralt	Memoir	Travel, Americana, Storytelling	A legendary journalist hits the backroads of America to find the extraordinary stories hidden within ordinary people.	A classic road map and a bag of trail mix.	A warm, nostalgic journey across the heart of a nation.
A Year Between Friends	Vettese & Banes	Memoir / Craft	💌 Pen Pals • Seasonal Living • Hand-Crafted Joy • Quiet Moments	Two friends document a year of life, creativity, and connection through letters and shared recipes.	A pot of loose-leaf tea and a stack of blank postcards.	"A gentle celebration of the art of friendship and the beauty found in the slow, intentional details of life."
Absolution	Alice McDermott	Hist. / Lit. Fiction	🇻🇳 1960s Saigon • American Wives • Moral Ambiguity • Quiet Sacrifice	The lives of two American women are forever changed by their time in Vietnam and the choices they made there.	A chilled glass of white wine and a strand of pearls.	"A haunting look at the 'helpmeet' era, where the most dangerous battles were fought in the drawing rooms of Saigon."
Angela's Ashes	Frank McCourt	Non-fiction / Memoir	Rainy Streets, Poverty, Ireland	A classic, gritty tale of resilience, humor, and the bond of family set against the backdrop of a rain-soaked Irish childhood.	A sturdy loaf of soda bread and a rainy afternoon.	A lyrical survival story of a childhood spent in the slums of Limerick.
Becoming	Michelle Obama	Memoir	🏛️ Chicago Roots • Finding Your Voice • The White House • Grace & Grit	An intimate, powerful journey from the South Side of Chicago to the White House.	A strong cup of Earl Grey tea and a cozy, quiet corner.	"Your story is what you have, what you will always have. It is something to own."
By Any Other Name	Jodi Picoult	Hist. / Lit.	🖋️ Secret Identities • Shakespearean Mystery • 16th Century London vs. Modern Day • Women’s Voices	A dual-timeline tale questioning who really wrote Shakespeare's plays.	A glass of red wine and a leather-bound notebook.	"History is written by the victors, but the truth is whispered by the silenced."
Carrie Soto is Back	Taylor Jenkins Reid	Sports Fiction	Tennis, Ambition, Comeback, Father-Daughter	The "Battle Axe" is coming out of retirement at 37 to defend her record, proving that being "unlikeable" is often the price of being the best.	A high-energy electrolyte drink and a sunny park bench.	A legendary athlete risks her entire legacy for one final, grueling season to prove she’s still the greatest.
Cat's Cradle	Kurt Vonnegut	Sci-Fi Satire	🧊 Ice-Nine • End of the World • Bokononism • Wry Absurdity	A writer’s search for the creator of the atomic bomb leads to a Caribbean island and a substance that could freeze the world.	A strong ginger ale and a philosophy textbook.	"A darkly hilarious reminder that man’s greatest inventions are often the keys to his own destruction."
Divergent	Veronica Roth	YA Sci-Fi/Dystopian	Tattoos, Factions, Skyline	In a future Chicago, citizens are sorted into five factions. But one girl doesn't fit the mold, making her the most dangerous person alive.	A temporary tattoo set and a piece of chocolate.	In a society divided by traits, one girl's choice will ignite a revolution.
Every Breath	Nicholas Sparks	Romance	🏖️ Sunset Beach • A Mailbox in the Dunes • 20-Year Secret • Fate & Chance	A chance encounter at a beach house leads to a decades-long connection.	A herbal sunset tea and the sound of a wave machine.	"A single week at the beach becomes a lifetime of longing and a secret kept for decades."
Fire and Fortune	John MacManus	History	WWII, Paratroopers, Military Strategy	The harrowing true story of the 1st Airborne Task Force and their pivotal, often overlooked role in the liberation of Southern France.	A sturdy pair of boots and a map of Europe.	A gripping account of the "champagne campaign" that was anything but easy.
Firefly Lane	Kristin Hannah	Women's Fiction	Best Friends, 70s/80s, Telephone	From the disco era to the digital age, two inseparable women navigate the highs and lows of fame, family, and betrayal.	A retro telephone keychain and a box of tissues.	Thirty years, two best friends, and the one promise that held them together.
Fly Away	Kristin Hannah	Women's Fiction	🕊️ Healing from Grief • Mother-Daughter Bonds • Life After Loss • Emotional Resilience	Three women navigate grief and healing in the aftermath of a great loss.	A warm bowl of soup and a call to your best friend.	"When the world falls apart, the only way through is holding onto the ones who remain."
Fourth Wing	Rebecca Yarros	Romantic Fantasy	⚔️ Dragon Academy • Enemies to Lovers • Survival of the Fittest • Mortal Peril	Enter a brutal military college for dragon riders where graduation means power—and failure means death.	An energy drink and a dragon-scale patterned bookmark.	"Fly or die: in a school where the dragons choose the riders, only the strongest survive the first year."
Gone Girl	Gillian Flynn	Psychological Thriller	Disappearance, Anniversary, Diaries, Manipulation	A golden couple’s anniversary turns into a crime scene, leading to a toxic game of "he said, she said" where no one is who they seem.	A dark roast coffee (black) and a notebook for tracking lies.	A marriage ends in a vanishing act that proves you never truly know the person sleeping next to you.
Happily Never After	Lynn Painter	Rom-Com	💍 Wedding Objector • Fake Dating (Sort Of) • Snarky Banter • Anti-Romance Turned Rom-Com	A professional "wedding objector" unexpectedly falls for her partner-in-crime.	A fizzy lemonade and a bright, sunny window seat.	"He crashes weddings for a living; she objects for a fee—it’s a match made in chaos."
Honey Girl	Morgan Rogers	Contemp Fiction / LGBTQ+ Rom	Graduation, Stardust, Galaxies	After years of following the rules, a young woman finds herself in a Vegas chapel. Her journey to find her wife becomes a journey to find herself.	A jar of local honey and a "Stargazing" playlist.	What happens when a straight-A overachiever accidentally marries a stranger?
How to Excavate a Heart	Jake Maia Arlow	YA Fiction LGBTQ+ Romance	Paleontology, Winter, New York	Two young women are forced together during a snowy NYC winter, uncovering feelings as deep as the fossils they study.	A bag of gummy dinosaurs and a peppermint mocha.	A dinosaur-loving grump meets a ray of sunshine in an icy internship.
I'm Afraid You've Got Dragons	Peter S. Beagle	Mythic Fantasy	Scales, Exterminator, Crowns	A reluctant dragon-catcher would rather be a valet, but when he's sent to "de-pest" a castle, he finds a world of magic he can't ignore.	Spicy cinnamon candies and a "dragon-scale" crochet blanket.	Being a dragon-slayer is a lot less glamorous than you think.
If Only I Could Tell You	Hannah Beckerman	Contemporary Fiction	Family Rifts, Letters, Motherhood, Hidden Truths	Two sisters haven't spoken in thirty years. Their mother has one final chance to bring them together before a devastating secret surfaces.	A box of tissues and a warm cup of herbal tea.	A family fractured by a decades-old mystery must decide if the truth is worth the heartbreak of reconciliation.
In Five Years	Rebecca Serle	Romance	⏱️ One Hour in the Future • Fate vs. Planning • Manhattan Life • Heartbreaking Realism	A lawyer wakes up five years in the future for one hour—then tries to change fate.	A crisp white wine and a box of tissues.	"Everything is perfectly on track—until a one-hour glimpse into the future changes every plan."
Inside of a Dog	Alexandra Horowitz	Non-Fiction	🐾 Two Seconds Ahead • A World of Smells • Canine Perspective • Science of the Heart	A fascinating look at the world through a dog’s eyes—and nose.	A dog at your feet (or a plushie) and a walk in the park.	"Ever wondered what your dog is really thinking when they stare at you?"
Julieta and the Romeos	Maria E. Andreu	YA Romance	Writing, Summer, Three Guys	After a summer writing program, a girl realizes her "fictional" leading man might be one of three boys she knows—but which one?	A nice ink pen and a packet of wildflower seeds.	A budding writer’s fictional romance starts coming true in real life.
Just Haven't Met You Yet	Sophie Cousens	Rom-Com	🧳 Swapped Suitcases • Jersey Island • Romantic Idealist • "The One"	After picking up the wrong suitcase at the airport, a hopeless romantic becomes convinced the owner is her soulmate and sets off to find him.	A bag of salt-and-vinegar crisps and a travel brochure.	"She fell in love with the contents of a suitcase; now she just has to hope the man matches the luggage."
Kiss Kiss	Roald Dahl	Short Stories / Dark Fantasy	💋 Twisted Tales • Macabre Humor • Unexpected Ends • Human Folly	A collection of wickedly dark and sophisticated short stories that prove Roald Dahl isn't just for children.	A bar of very dark chocolate and a dim reading lamp.	"Sweet on the outside and bitter at the core, these stories will leave you looking over your shoulder."
Kite Runner	Khaled Hosseini	Fiction	Friendship, Redemption, Kabul	A haunting story of a wealthy boy and the son of his father's servant, set against the backdrop of a falling monarchy and the rise of the Taliban.	A handmade kite and a sense of reflection.	A powerful story of how the past can never truly be buried.
Lula Dean's Little Library...	Kirsten Miller	Satire Fiction	📚 Banned Books • Southern Politics • Small Town Feud • Secret Rebellion	When a town leader starts banning books from her little library, the community starts a secret, rebellious reading circle.	A "Banned Books" tote bag and a hidden snack.	"In a town where books are being hidden, the truth becomes the most dangerous story of all."
Mastering the Art of French Murder	Colleen Cambridge	Hist. Mystery	🥐 1950s Paris • Julia Child’s Kitchen • A Sharp Knife • Culinary Mystery	A delicious cozy mystery set in 1950s Paris involving Julia Child’s best friend.	A buttery croissant and a French press coffee.	"Bone appetit: someone is serving up secrets and murder in the heart of Julia Child’s Paris."
Mount Misery	Samuel Shem	Fiction	Medical Satire, Residency, Dark Humor	A young doctor enters his psychiatric residency at a prestigious hospital, only to find that the "healers" might be crazier than the patients.	A very strong cup of black coffee.	A biting, hilarious, and cynical look at the absurdity of the medical profession.
Nobody's Fool	Harlan Coban	Mystery/Thriller	Missing Person, Small Town, Secrets	A high-powered agent is pulled back into a small-town mystery where everyone has a motive and no one is telling the truth.	A pair of athletic socks and a high-energy protein bar.	A sports agent uncovers a web of lies when a client’s father vanishes.
Nora Goes Off Script	Annabel Monaghan	Romance	✍️ Romance Screenwriter • Hollywood Star • Small Town Comfort • Life After Divorce	A divorced screenwriter's life turns into a movie when a famous actor moves into her guest house for a week.	A bag of gourmet popcorn and a cozy throw blanket	"She writes the perfect endings for a living, but her own life is about to go off-book."
Onyx Storm	Rebecca Yarros	Romantic Fantasy	🐉 Dragon Riders • High-Stakes War • Deadly Secrets • Fierce Loyalty	Violet Sorrengail must navigate a world at war while protecting the ones she loves from an encroaching darkness.	A spicy chai latte and a leather-bound journal.	"The storm is coming, and in the world of dragon riders, the only thing more dangerous than the enemy is the truth."
Overkill	J.A. Jance	Mystery	⚖️ High-Stakes Justice • Cybersecurity • Family Loyalty • Ali Reynolds Series	A wealthy man attempts to use his resources to get away with murder, but a relentless investigator stands in his way.	A "Top Secret" file folder or dark roast coffee	"When money buys silence, one woman is willing to risk everything to scream the truth."
Passion Project	London Sperry	Romance	🎨 Art & Ambition • Grumpy/Sunshine • Finding Inspiration • Small Town Charm	A driven artist finds unexpected inspiration (and love) when she returns to her roots to complete her masterpiece.	A set of watercolors or a high-quality sketchbook	"She went home to find her muse—she didn't expect to find the man who'd challenge her art."
Plant Full		Cook Book	Vibrant Greens, Fresh Produce, Health	A visual guide to plant-based living that proves healthy eating can be both indulgent and aesthetically beautiful.	A reusable grocery tote and a bunch of fresh basil.	Discover how to turn simple, earthy ingredients into a vibrant feast.
Project Hail Mary	Andy Weir	Hard Sci-Fi	🚀 Amnesia in Space • Saving the Sun • Science & Logic • An Unlikely Alien Friendship	A lone survivor on a spaceship must use science and a new friend to save humanity.	Astronaut ice cream (or a bag of M&Ms) and a star-map.	"Science your way out of certain death in this hilarious, high-stakes space odyssey."
Radium Girls	Kate Moore	Non-Fiction	💡 Glowing Dials • Corporate Betrayal • Fight for Justice • "The Ghost Girls"	The true, harrowing story of the factory women who fought for their lives after being poisoned by radium.	A glow-in-the-dark bookmark or highlighter	"They were literally glowing with poison, but their fight for justice changed history forever."
Recursion	Blake Crouch	Sci-Fi Thriller	🧠 Memory as a Disease • Rewriting the Past • Time Travel • Sci-Fi Noir	A mind-bending reality where memories can be rewritten, threatening the world.	An espresso (you'll need the focus) and a dark room.	"What if your most precious memory was actually a lie someone else wrote for you?"
Sandwich	Catherine Newman	Fiction	Motherhood, Grief, Summer in Cape Cod	Over the course of one final summer, a mother tries to soak in every moment with her children while grappling with the messy reality of saying goodbye.	A box of tissues and a warm blanket.	A heartbreakingly funny and tender exploration of what it means to love and let go.
Spare	Prince Harry	Memoir	Royalty, Family Feud, Military Service	An unprecedented look behind the palace walls, exploring the grief of a lost mother and the struggle to find an identity within a rigid institution.	A glass of Earl Grey tea and a quiet corner.	A raw and unfiltered journey from "spare" to self-determination.
Speak to Me of Home	Jeannine Cummins	Fiction	Migration, Family Secrets, Resilience	Two sisters are forced to flee their home, embarking on a treacherous journey that tests their bond and their will to survive in a changing world.	A home-cooked meal shared with family.	An epic tale of survival and the unbreakable threads that connect us to home.
The Ballerinas	Rachael Kapelke-Dale	Mystery / Suspense	Paris, Pointé Shoes, Female Friendship, Betrayal	Three friends at the Paris Opera Ballet find that the competition is deadly and the secrets they share might finally trip them up.	A delicate pastry and a chilled glass of rosé.	In the high-stakes world of elite ballet, the most dangerous performances happen behind the velvet curtain.
The Black Wolf	Louise Penny	Mystery/Crime Police Procedural	Monogram, Winter, State Secrets	An investigator is pulled into a world of Russian assassins and cold-blooded betrayal where he must protect a man he doesn't trust.	A chilled glass of sparkling cider and a warm wool scarf.	A high-stakes game of chess where the board is the Kremlin.
The Fire She Set	Leigh Overton Boyd	Memoir	🔥 Small Town Secrets • Family Trauma • Resilience • Finding Truth	A daughter untangles the complicated, fiery history of her mother’s life and the secrets that defined her upbringing.	A flickering candle and a cozy, oversized sweater.	"Some family secrets are meant to burn, but others require us to walk through the fire to find the truth."
The Golden Spruce	John Valliant	Non-Fiction	Nature, Obsession, Pacific Northwest	The shocking true story of a magnificent Golden Spruce tree and the man whose act of environmental protest turned into a baffling mystery.	A cedar-scented candle and the sound of rain.	A fascinating blend of natural history and a true-crime psychological thriller.
The Heartbreak Hotel	Ellen O'Clover	Young Adult	🏨 Mountain Retreat • Healing the Broken-Hearted • Hidden Secrets • Second Chances	A story of secrets and second chances at a retreat for the broken-hearted.	A hot cocoa with extra marshmallows and a nostalgic playlist.	"Checking in means letting go of the past—but some secrets refuse to stay checked out."
The Immortal Life of Henrietta Lacks	Rebecca Skloot	Non-fiction / Biography	Science Ethics, Family Legacy, Medical Mystery	Her cells changed the world without her consent. This is the journey to find the woman behind the "HeLa" vials that live on forever.	A cozy blanket and a quiet afternoon for deep reflection.	One woman’s cells became the most important tool in medicine, while her family was left in the dark for decades.
The Impossible Fortune	Richard Osman	Crime / Cozy Mystery	Witty, Puzzly, British, Charming	A charming, puzzle-box mystery where sharp wit, unexpected friendships, and buried secrets collide—proving that even the most ordinary lives can hide extraordinary danger.	A gin and tonic with a lemon twist	A clever, cozy mystery where charm and wit hide deadly secrets—and everyone has something to lose.
The Lincoln Highway	Amor Towles	Hist. Fiction	🚘 1950s Road Trip • Brotherhood • New York City • Ten Days of Adventure	An 18-year-old and his brother set out for California but end up on a wild journey to NYC instead.	A vintage-style roadmap or classic Diner coffee mug	"A ten-day journey that proves the road you take isn't always the one you planned."
The Maid	Nita Prose	Mystery	🧹 Regency Grand Hotel • Invisible Staff • Social Cues • Locked Room	A hotel maid who struggles with social skills finds herself the prime suspect in a wealthy guest's murder.	A perfectly brewed English Breakfast tea and a polishing cloth.	"She’s the help everyone ignores, until she becomes the only one who can solve the crime."
The Measure	Nikki Erlick	Speculative	🧵 A Mysterious Box • Fate vs. Choice • 24 Inches of String • Emotional & Thought-Provoking	What if a box appeared on your doorstep telling you exactly how long you have to live?	A journal to record your thoughts and a warm blanket.	"Would you choose to know the end of your story before you’ve even lived it?"
The Office of Historical Corrections	Danielle Evans	Short Stories / Novella	Identity, History, Truth, Bureaucracy	A government agency is tasked with correcting "public inaccuracies," but finding the truth about the past is never a simple fix.	A local craft beer and a thoughtful conversation with a friend.	Sharp, witty stories that peel back the layers of American history to reveal the complicated truths underneath.
The Puzzle Box	Danielle Trussoni	Mystery	🧩 Gothic Japan • Impossible Objects • Ancient Secrets • High-Stakes Race	A world-renowned puzzle solver is summoned to Tokyo to open an 18th-century box that holds a world-shattering secret.	A Rubik's cube or a complicated jigsaw puzzle nearby.	"Solving the box is only the beginning; surviving what's inside is the real challenge."
The Seven Husbands of Evelyn Hugo	Taylor Jenkins Reid	Historical Fiction	Old Hollywood, Emerald Green, Scandal, Secrets	A reclusive movie icon is finally ready to tell the truth about her glamorous life—but why did she choose an unknown reporter to hear it?	A glass of champagne and a vintage jazz playlist.	Seven marriages, one true love, and the price of protecting a secret for half a century.
The Tainted Cup	Robert Jackson Bennett	Epic Fantasy Mystery	Strange Plants, Investigations, Walls	In a world where a drop of blood can grow a forest, an eccentric genius must solve a murder before the city is reclaimed by nature.	A small potted succulent and a magnifying glass bookmark.	Sherlock Holmes meets Attack on Titan with a botanical twist.
The Women	Kristin Hannah	Women's Historical Fiction	Dog Tags, Jungle, Combat Boots	They were told "there were no women in Vietnam," but these nurses lived through the chaos and fought to be remembered.	A vintage-style notebook and a strong, dark roast coffee.	The forgotten story of the brave women who served in Vietnam.
This Time Next Year	Sophie Cousens	Rom-Com	🥂 New Year’s Eve Birthdays • London Vibes • Fate vs. Coincidence • 30-Year Connection	Two strangers born at the same time in the same hospital meet again 30 years later.	A mini bottle of Prosecco (or sparkling cider)	"Two people born seconds apart have spent thirty years narrowly missing each other."
Throw Like a Girl	Sarah Henning	YA Sports Romance	🏈 Softball Star to QB • Fake Dating • Breaking Stereotypes • High School Rivalries	A benched softball player tries to save her reputation by joining the football team as the starting quarterback.	A sports drink and a pack of Big League Chew	"One mistake benched her softball career; one hail mary pass might save her future."
Triple Sec	TJ Alexander	LGBTQ+ Romance	Bright Orange, Cocktails, Art Deco, NYC	Mel is a bartender who has sworn off messy relationships—until she meets a charming, wealthy couple who need a "fake" partner for a family event. Soon, the line between a professional gig and a real three-way connection starts to blur like a perfectly shaken martini.	A DIY cocktail (or mocktail) kit, a garnish of dried orange slices, and a fancy coupe glass.	A chaotic bartender finds herself falling for a chic married couple in a delicious, high-stakes throuple romance.